datetime,lat,lon,alt_m,speed_kts,cog,satellites,hdop,battery_pct,battery_v,charge_rate,rtc_bat_low,fix,boot
2026-06-04T11:29:20,47.995243,10.147087,609.5,30.21,43.9,15,0.7,91.2,4.110,-4.2,0,1,460
2026-06-04T11:30:19,48.006302,10.146256,595.8,58.52,330.2,15,0.7,91.3,4.110,-4.2,0,1,462
2026-06-04T11:30:47,48.013054,10.138907,587.0,71.33,324.4,15,0.7,91.2,4.114,-4.2,0,1,463
2026-06-04T11:32:43,48.049370,10.136344,570.9,72.58,15.3,15,0.7,91.3,4.111,-4.2,0,1,467
2026-06-04T11:33:11,48.058567,10.138970,566.7,72.61,6.0,15,0.7,91.3,4.115,-4.2,0,1,468
2026-06-04T11:33:39,48.067760,10.139251,563.5,69.04,357.7,13,0.7,91.2,4.113,-4.2,0,1,469
2026-06-04T11:34:36,48.086155,10.136532,559.6,69.88,352.1,14,0.7,91.0,4.115,-4.2,0,1,471
2026-06-04T11:35:04,48.094795,10.134238,556.2,66.37,348.9,15,0.7,91.0,4.113,-4.2,0,1,472
2026-06-04T11:36:57,48.126648,10.110526,548.0,69.42,350.3,15,0.7,91.2,4.110,-4.2,0,1,476
2026-06-04T11:37:25,48.135571,10.110865,551.9,69.28,9.9,15,0.7,91.0,4.109,-4.2,0,1,477
2026-06-04T11:37:53,48.144005,10.115566,543.9,70.58,29.0,15,0.7,91.0,4.111,-4.2,0,1,478
2026-06-04T11:38:21,48.151363,10.123460,565.1,70.79,36.3,14,0.7,91.2,4.111,-4.2,0,1,479
2026-06-04T11:40:44,48.195759,10.123231,550.1,66.97,350.0,14,0.7,91.0,4.110,-4.2,0,1,484
2026-06-04T11:41:12,48.204441,10.122642,548.8,68.22,4.4,13,0.7,90.9,4.109,-4.4,0,1,485
2026-06-04T11:41:40,48.213562,10.124450,541.8,74.13,8.2,13,0.7,90.9,4.100,-4.4,0,1,486
2026-06-04T11:43:06,48.242271,10.118950,535.1,70.77,337.5,14,0.7,90.7,4.110,-4.2,0,1,489
2026-06-04T11:43:34,48.251102,10.114339,544.9,74.27,348.2,14,0.7,90.7,4.105,-4.2,0,1,490
2026-06-04T11:44:02,48.260178,10.114415,547.4,69.81,8.1,13,0.7,90.5,4.104,-4.2,0,1,491
2026-06-04T11:45:28,48.287773,10.114900,551.7,73.63,356.7,9,1.1,90.9,4.100,-4.4,0,1,494
2026-06-04T11:45:56,48.296921,10.111170,544.1,75.38,335.2,14,0.7,90.4,4.105,-4.2,0,1,495
2026-06-04T11:46:53,48.310268,10.096949,544.7,50.08,325.2,13,0.7,90.9,4.111,-4.4,0,1,497
2026-06-04T11:47:21,48.315109,10.092818,538.4,43.08,335.2,14,0.7,90.4,4.109,-4.2,0,1,498
2026-06-04T11:47:49,48.320236,10.090287,535.1,44.84,346.9,14,0.7,90.5,4.106,-4.2,0,1,499
2026-06-04T11:49:15,48.341835,10.086483,520.4,73.33,347.7,14,0.7,90.4,4.109,-4.2,0,1,502
2026-06-04T11:50:13,48.360794,10.081620,519.1,75.72,0.7,15,0.7,90.5,4.108,-4.2,0,1,504
2026-06-04T11:50:41,48.370453,10.083555,522.0,76.27,12.7,13,0.8,90.9,4.105,-4.4,0,1,505
2026-06-04T11:51:09,48.380020,10.085690,502.9,73.48,3.2,14,0.7,90.4,4.104,-4.2,0,1,506
2026-06-04T11:52:34,48.406773,10.093504,478.9,68.05,8.5,15,0.7,90.2,4.104,-4.4,0,1,509
2026-06-04T11:55:25,48.455547,10.117294,467.8,65.66,2.0,13,0.7,90.5,4.106,-4.2,0,1,515
2026-06-04T11:55:53,48.464199,10.116125,465.9,68.58,348.6,15,0.7,90.4,4.105,-4.2,0,1,516
2026-06-04T11:56:49,48.480000,10.104332,480.6,66.38,320.4,15,0.7,90.5,4.106,-4.2,0,1,518
2026-06-04T12:49:07,48.497665,10.120448,472.5,0.04,283.9,11,0.8,88.5,4.093,-3.7,0,1,542
2026-06-04T12:55:41,48.535744,10.091280,517.9,69.91,30.2,16,0.6,88.4,4.091,-4.0,0,1,545
2026-06-04T12:56:09,48.543121,10.099129,506.9,69.42,39.5,15,0.7,88.5,4.086,-3.7,0,1,546
2026-06-04T12:56:37,48.549339,10.108490,524.7,70.04,49.0,9,1.0,88.2,4.086,-3.7,0,1,547
2026-06-04T12:59:59,48.590382,10.184900,542.6,70.03,34.4,14,0.7,88.1,4.085,-4.0,0,1,554
2026-06-04T13:03:52,48.653969,10.231150,543.6,69.77,31.0,12,0.9,88.2,4.084,-3.7,0,1,562
2026-06-04T13:05:48,48.687420,10.214648,579.6,70.86,355.7,12,0.8,88.2,4.085,-3.7,0,1,566
2026-06-04T13:06:17,48.697025,10.215192,568.4,70.46,3.7,14,0.8,88.1,4.088,-4.0,0,1,567
2026-06-04T13:08:41,48.741882,10.196502,608.0,70.63,359.9,12,0.9,87.8,4.085,-3.7,0,1,572
2026-06-04T13:09:09,48.750633,10.198568,608.3,61.13,15.9,14,0.7,87.6,4.082,-4.0,0,1,573
2026-06-04T13:09:37,48.758106,10.203040,612.2,69.16,24.5,11,0.8,87.5,4.081,-3.7,0,1,574
2026-06-04T13:10:05,48.766468,10.208582,619.3,70.61,19.5,12,0.8,87.6,4.081,-4.0,0,1,575
2026-06-04T13:11:31,48.794514,10.210232,577.0,74.58,352.5,12,0.8,87.8,4.085,-3.7,0,1,578
2026-06-04T13:12:28,48.812767,10.213843,589.1,69.27,18.8,13,0.7,87.6,4.085,-4.0,0,1,580
2026-06-04T13:15:22,48.863354,10.191420,629.9,70.79,311.2,10,1.0,87.6,4.081,-4.0,0,1,586
2026-06-04T13:25:54,49.038395,10.185272,501.1,63.83,328.6,12,0.8,87.2,4.076,-4.0,0,1,607
2026-06-04T13:27:21,49.059265,10.179823,473.3,36.92,26.0,15,0.7,87.2,4.075,-4.0,0,1,610
2026-06-04T13:38:45,49.225136,10.272799,483.5,71.85,66.1,11,0.9,86.9,4.073,-4.0,0,1,633
2026-06-04T13:43:37,49.251705,10.405809,445.4,67.47,59.1,16,0.7,86.9,4.073,-4.0,0,1,643
2026-06-04T13:44:05,49.254875,10.418489,437.9,68.01,77.4,16,0.7,86.5,4.071,-4.0,0,1,644
2026-06-04T13:46:32,49.252842,10.485212,472.4,63.50,61.9,13,0.8,86.1,4.070,-4.0,0,1,649
2026-06-04T13:48:00,49.264420,10.524648,468.0,70.16,91.9,12,0.8,86.5,4.075,-4.0,0,1,652
2026-06-04T13:51:22,49.249889,10.620291,477.4,69.98,97.3,13,0.8,86.2,4.069,-3.7,0,1,659
2026-06-04T13:52:50,49.257313,10.661774,471.8,69.54,67.1,12,0.8,86.2,4.068,-3.7,0,1,662
2026-06-04T13:53:48,49.263790,10.688838,467.5,68.48,64.4,14,0.7,86.2,4.066,-3.7,0,1,664
2026-06-04T13:54:16,49.267803,10.699660,444.4,68.70,57.4,14,0.7,85.9,4.070,-3.7,0,1,665
2026-06-04T13:54:44,49.272141,10.708637,410.3,58.17,50.5,14,0.7,86.3,4.069,-3.7,0,1,666
2026-06-04T13:58:37,49.304779,10.793950,417.0,64.97,91.8,15,0.6,85.9,4.068,-3.7,0,1,674
2026-06-04T14:00:04,49.311367,10.832358,437.6,70.40,62.5,16,0.6,85.9,4.070,-3.7,0,1,677
2026-06-04T14:08:21,49.326206,11.051887,332.3,70.23,37.9,15,0.6,85.9,4.064,-3.7,0,1,694
2026-06-04T14:12:14,49.377228,11.135972,367.9,70.74,44.4,14,0.7,85.5,4.062,-3.7,0,1,702
2026-06-04T14:13:40,49.391186,11.170101,377.9,61.80,84.3,13,0.7,85.5,4.060,-3.7,0,1,705
2026-06-04T14:18:02,49.442139,11.228222,369.1,47.89,36.5,15,0.6,85.5,4.062,-3.7,0,1,714
2026-06-04T14:18:30,49.447449,11.233780,355.7,50.51,32.2,15,0.6,85.2,4.060,-3.7,0,1,715
2026-06-04T14:19:28,49.460243,11.245557,350.4,57.72,30.6,15,0.6,85.3,4.061,-4.0,0,1,717
2026-06-04T14:19:56,49.467743,11.252554,348.2,70.82,32.9,15,0.6,85.2,4.064,-3.7,0,1,718
2026-06-04T14:20:53,49.482697,11.270008,353.3,71.92,30.3,15,0.6,84.9,4.056,-4.0,0,1,720
2026-06-04T14:22:50,49.514771,11.303222,327.3,71.68,34.4,15,0.6,85.5,4.060,-3.7,0,1,724
2026-06-04T14:23:18,49.522392,11.311238,335.8,71.42,34.5,15,0.6,85.3,4.060,-4.0,0,1,725
2026-06-04T14:26:39,49.582809,11.349240,433.9,71.54,30.6,14,0.7,85.1,4.060,-3.7,0,1,732
2026-06-04T14:27:37,49.596397,11.362308,512.4,62.27,359.4,10,0.9,84.9,4.061,-4.0,0,1,734
2026-06-04T14:32:57,49.662811,11.466357,463.2,66.35,34.3,13,0.7,84.9,4.055,-4.0,0,1,745
2026-06-04T14:35:48,49.716690,11.477798,431.5,71.42,32.9,13,0.7,84.8,4.054,-3.7,0,1,751
2026-06-04T14:37:44,49.741074,11.514733,499.9,72.14,347.8,16,0.6,84.8,4.060,-3.7,0,1,755
2026-06-04T14:38:12,49.750149,11.511657,509.4,71.73,347.4,14,0.7,84.6,4.060,-4.0,0,1,756
2026-06-04T14:38:40,49.759289,11.509108,523.9,71.69,358.6,14,0.7,84.3,4.055,-3.7,0,1,757
2026-06-04T14:42:32,49.825531,11.499610,528.2,71.60,8.9,16,0.7,84.6,4.054,-4.0,0,1,765
2026-06-04T14:43:00,49.834545,11.502227,514.8,71.82,19.4,14,0.7,84.6,4.056,-4.0,0,1,766
2026-06-04T15:06:12,50.170887,11.746638,611.2,72.49,15.7,15,0.7,83.8,4.048,-4.4,0,1,813
2026-06-04T15:09:10,50.227051,11.780011,610.5,74.95,337.1,12,0.8,83.4,4.046,-4.4,0,1,819
2026-06-04T15:12:37,50.293362,11.810859,617.5,76.32,343.7,14,0.8,83.4,4.050,-4.4,0,1,826
2026-06-04T15:26:48,50.435402,12.087500,426.9,67.96,81.4,19,0.6,82.5,4.041,-4.4,0,1,855
2026-06-04T15:37:06,50.559692,12.283231,436.4,50.07,19.6,16,0.6,82.4,4.039,-4.4,0,1,876
2026-06-04T15:49:45,50.676563,12.546942,360.4,65.19,89.2,14,0.7,82.4,4.030,-4.4,0,1,902
2026-06-04T15:51:42,50.686497,12.597081,391.9,63.84,60.4,16,0.7,81.7,4.032,-4.4,0,1,906
2026-06-04T15:53:38,50.685173,12.651161,463.6,72.89,38.9,16,0.7,81.7,4.037,-4.4,0,1,910
2026-06-04T15:54:06,50.690216,12.662506,441.8,71.95,81.0,15,0.7,81.4,4.030,-4.4,0,1,911
2026-06-04T15:57:58,50.711464,12.758144,455.6,63.54,13.7,15,0.7,81.4,4.036,-4.4,0,1,919
2026-06-04T16:08:35,50.823990,12.836970,338.7,24.71,260.7,17,0.7,81.1,4.032,-4.4,0,1,941
